x0,x1,target,x2
-10.926910888037987,-43.24170267062397,-22.303011164157137,-24.85292038350455
-25.50484842247921,-7.337033589044054,-30.197741523129707,-12.92895475151173
18.985862581804938,-39.65580996433012,30.703103751775117,-2.3086712381180563
-11.817302600321547,28.084019389950072,-13.887221058991997,3.94831285409107
2.3307005514450836,-7.992924430805381,18.24202963004994,3.9163806842512
8.652252757371961,23.70555868016268,34.79042068426621,24.246461987486718
41.32403462978634,8.118591051372285,32.68824341506054,11.461779135068817
42.04020763153376,-42.836849703186154,11.030186040961333,-18.95016569714071
47.3106929505812,-42.09558199708279,-45.36151235704191,-56.621592657184756
39.93994958960975,-18.50412728532672,39.3187754606508,7.804597667449606
-3.083529214178512,-0.7125332763969894,-21.28926175665784,-7.634653903808657
-29.247459248328155,6.862488056059334,-16.95771612822722,-0.08121226823680876
46.915089822756286,-33.465921589847014,48.21433103745113,6.141289211296058
30.561890199257718,-22.321516103510962,16.728732605124506,-5.07532728305872
2.213317734262347,47.19936798177784,-19.934602475301343,8.083222495589458
-18.028810193724887,-28.461610056444574,34.65141913212085,3.1047613170638204
19.64765644874585,13.726363312406583,7.412130775906135,5.0063851964589645
-45.46231778121391,-7.322389618096118,44.87383061970398,25.38974318630952
-33.94196872114252,-30.55502316918779,48.308981607545036,8.360101754032623
-49.7644527533889,-47.799995849619684,-23.539544180810136,-22.1972261002399
5.004587817015015,-21.358455753117557,-28.92869151489943,-24.939982682333326
20.049867322717702,16.96494935336557,6.900435732969271,6.768646632502376
45.51747159697793,44.280532011570244,31.108948681784256,24.409704664349306
-34.03657011642461,-13.241028722512162,46.30628042913774,17.502230091632423
-43.30647728534453,36.52998444662019,40.255038101088374,50.588249955344345
47.464483987450365,-1.4383489965854181,33.49576089356687,6.610041501162256
-3.237433701401713,-18.14749514851437,-20.980659976209203,-17.72232489760333
41.99183859406564,-42.8313858195046,-2.5232896246061074,-27.95848641037092
22.72227420565602,30.38821130633505,42.90668201386555,26.942407331568884
-4.695248479925837,-10.974258690411133,49.62750503158247,13.36591370649739
-39.25579894417932,36.53460115136133,-6.950477144216606,19.31236449973036
-37.35761569350473,28.43999126107505,-23.014273946142893,4.950634305069636
-23.827985811390406,0.5722520523775074,-40.86736877439052,-14.384110010611833
21.666117563713257,3.583371815669665,1.2648676137643946,-3.9854679689046946
45.201325184746835,-0.5125809622322706,29.572294068983283,5.387976151120244
-17.810146967036097,13.702950609453723,10.356152517284968,16.61287517442693
-27.280499552617954,-27.908369212144013,-12.06979099711505,-13.035373113809497
26.214084750143684,-36.10746082931694,27.730251983455844,-1.6003220627260946
1.8261402619135012,35.577084264063956,49.899951451285546,39.073704243262874
-21.06862471625267,16.134032879042763,20.128882433074295,23.439375555875785
-49.360688516764796,12.96585324997941,44.67805411135531,38.81569957889439
-31.352384587239833,-11.034620089940447,7.08845602753906,5.066253497004824
-33.06421880734803,3.077927374155898,-48.988477515267284,-15.901774417009218
28.291836911969654,-41.34346043567678,22.68175968017424,-6.9088321271010456
-3.17363599965946,-13.863959054963694,-20.945458813610564,-14.943262573428157
-31.08093470934089,-47.96974662752096,-42.73009366937901,-33.512358238593194
29.781396215841283,-39.67092972165901,-5.3178561954836425,-24.497601799786818
-13.324846420255717,-0.7055107449292279,-48.160385510475834,-16.986355392647134
49.98360472540985,-32.498303694484434,26.201091458148483,-8.039247353206697
15.329097092938369,7.430544195184886,-46.8917247647372,-16.342453148785616
-23.786452668735347,-12.896671474898412,-46.676684050590275,-20.395924999398098
-46.87433606996021,15.377055304140157,12.541020474541945,27.077121520154762
-12.294248136047813,-38.488096278506404,20.431399513747223,-5.4986722861776895
-49.82104405894342,-29.225120193508726,-22.793320729296962,-10.86522996548109
-30.586385571772123,-20.902360607448877,27.84757352007236,6.301129923656162
12.624133275419247,-12.49545995939826,47.445190595878955,12.878703095312277
-15.94437388883727,-0.9378756366765231,7.743450377015847,6.7016925719844505
-1.7807141845078789,-17.414255960445736,14.52081843438684,-0.3265674687965693
-11.168839800139288,9.431992131741296,14.006981741318626,14.06963214651385
-40.70715690516783,47.838365082470304,39.757772977993255,54.25457841459677
-30.899359341134947,8.106457859291282,-4.646928763339531,9.10543301093368
-28.921140956990797,16.639865401668985,30.31051327525681,29.732408015040207
4.804102738729398,33.73331954417539,30.93325220376984,29.52114959372428
23.596568295808012,-14.238235086963115,-19.46090965793634,-23.20967616312239
-8.730307887832481,-9.89801142560102,41.804729361785704,11.694857164142158
3.1257662747156587,-27.122808936746058,-13.335266970580292,-18.057684636292574
-44.64779023654852,26.673349522200397,6.685217709628411,27.016608575577735
29.043701388329524,29.80799833005868,40.99224621724325,23.82277225592307
-39.426913017803486,43.59014118081144,-1.5102364251596043,24.97825986035315
29.667989971962,35.84042848204439,-2.2509517165328887,10.337433264021165
28.93025939656448,27.853905858022557,-33.47755605453635,-3.2559732769262255
1.622437568763516,39.13305546845146,-21.44251183328644,4.542685446962937
35.05953432449019,-39.9593371564866,3.263294678917042,-20.71530971164269
35.482269025361305,-45.68749980405371,-27.126112665341818,-44.00679658918954
21.195826460596294,-2.4955704855208367,-3.0643224708462924,-9.046401513023213
45.692670176246125,-34.93062132521313,-35.6072026750811,-48.20540966168727
-24.530543284207873,47.258707679565376,-48.64177845287879,-2.5475929969369857
48.28363829506344,-17.052138169224605,32.17828849031538,1.021676568661337
-36.92573891006228,-29.194475292160583,23.453571782780557,1.331649683446969
31.651878393112128,-16.89326002595275,37.08630592834757,7.413173022043509
-9.856765504254305,8.547823692770528,-10.566731157620588,-1.081849283383666
34.48116527510217,-32.15721172127901,-14.970450991973394,-30.506519234873334
48.07385246232889,-33.73293043226377,-26.754878410535266,-42.507465274225815
20.35367393431609,42.79705463219075,-2.1991609573338806,12.807595405210531
-48.22384735538441,-16.95177854020755,-0.6171434746877296,4.024588721289026
-19.451352355110842,-36.372458340760005,16.162903446008897,-5.612185644745603
-44.03903776233443,-49.77394938346033,-34.160831945527406,-27.542604970916376
21.499659073706724,36.03759919635597,-28.79521225177125,1.9995888736274547
18.024271098629384,-25.700842091923647,-34.03116839095524,-33.711147969605776
37.46948938634257,-31.56146060418835,17.738142702055697,-10.145925430474938
-3.7815289797650777,-8.196652748597486,-43.63041492124846,-19.29963956643849
19.22093790091371,-21.402822576692603,-7.115848693409646,-17.76899501571885
-4.379235355381915,39.64277655475969,-30.71874387725444,2.0096128669723736
-1.6494075699397897,0.6206035097276583,27.53825744424509,10.475506483334055
-42.53918320630733,24.401411023304604,-44.80671611859621,-7.823150695783745
1.0610605100661274,-47.76030785797711,41.947205930443545,-0.6479175223294281
-9.785905788944362,43.592528616267515,41.53339579840933,43.65543310452424
28.824668647729,27.65523944984494,17.628533766157673,14.51758458070706
9.959750166271029,32.745749003019284,-40.79782032138076,-3.789315370189908
33.26709953667738,-9.043977710779892,41.784499109689094,11.632734574579894
-24.675242570548516,12.574304724195137,-37.592557381116244,-9.167169773045137
0.7216698890232323,24.49497311574308,-20.438276814487942,0.6097010724083808
10.22395846050712,25.14102219972976,33.442835896555096,24.13806104802015
-27.317361630406754,49.177699781269624,-1.4437268882525913,22.758140248933604
24.101060189831642,13.638201529700403,-42.974529697800456,-14.283917142079806
18.696362762253727,-14.773286996931311,48.58347071969739,12.182186079032826
-4.857573682885466,-5.436118223088826,42.55294232373255,12.92855579403355
35.36328637035821,-20.335052109703287,36.92930364003024,6.688106555515637
-31.92095401857581,46.882725203941135,-10.092685547574519,17.685416587083928
41.73613880904615,-36.059918103974766,15.46736447149378,-13.986564115641777
-30.34829523143463,13.774974584683733,-3.255170714180643,11.105175461866239
-27.152948641646745,-49.3427156792843,-16.29937675484662,-21.064083174658144
35.41736412040184,46.34210891908356,17.92237110839298,20.844495673815345
-26.62293700291868,-9.807537583953959,14.393710353299525,7.367753777192136
-27.56745362382408,8.264144331226042,-24.7917549468593,-5.041944900504066
-19.357302260188312,-24.711022127156657,-39.039991033167865,-23.229450871226764
27.252338785829124,-14.358969394727218,23.168848647533835,2.43366590802297
-1.5625015770712878,-26.15495482443617,44.949106572889335,7.255586438759058
12.106298121964777,20.72340151661753,-39.78761851186153,-7.1456732130475675
-24.98285777076609,10.351440797943255,-12.549010112012958,2.626432297718528
7.265086907993457,8.128727703270343,-14.03554124217191,-2.4567853135843523
-45.09632516626826,-27.584195806614986,-19.386294000069316,-9.971281958737585
49.69963062981631,11.892322447869986,-47.22935103646534,-23.695844025785295
33.21105983146737,-39.45741696246215,0.5310898886469744,-21.53461504251859
-36.54411381745824,-7.447431965993147,13.308222949347538,10.87532262583901
16.03072972746199,9.075981353901497,9.657492503309598,4.25870691431535
32.867752733234695,6.4480273396218735,29.872849828613738,11.524305686098359
-13.791049753964593,39.111962039064466,-5.32726318539509,13.309424068912596
20.628277771296993,7.806325323090327,-10.82666052026513,-5.131205375558228
-34.721002504158776,17.035925977675603,-38.48054779786446,-7.950674905895227
29.08497537776377,-39.450731324548656,-40.89899812349108,-48.077214422947705
8.270579353572629,-5.785636138175967,-20.86835030239954,-13.074130515519437
27.391785474619596,39.08832225165054,-23.45289649803065,4.569621971326533
22.585186361915973,-25.725145977727458,30.097355216712003,2.8300433742581665
32.33457622752475,-40.50858047667315,-19.38180338558907,-35.87301958378505
43.27820519489542,4.617298038062515,15.101795236440623,-2.3031207166189236
-14.05341773624422,-22.713267492295575,24.283276855345974,1.4862176920228003
-30.46012834574734,6.606760112094236,47.854138091132526,29.735075148455454
23.332641433276564,-24.108064379596918,-8.869139605219843,-20.553105142657277
-5.009995324027706,47.07195993619166,-42.91423762641319,0.24412203214770312
34.417327182194796,-25.510556741997558,34.841968153751196,4.176713650148777
-21.965501005149367,43.13257219916056,6.4463604891359125,25.139774762171495
-28.818598210979253,2.4313359884731156,-4.0188861336053705,7.027009249984278
12.469066932981889,-28.96418625720505,47.514356083443545,7.396889962536441
-8.297022939626608,8.050021785537794,-22.910476664541257,-5.4758269100750345
-28.639051058184183,-42.96348698376017,33.887340234627814,-1.6942124178105187
-35.85194700971492,-5.287390001823589,-38.462068210295485,-15.181383033534184
15.027512880239087,45.75880957608571,16.673111604397775,20.559325516001557
26.002287386615492,-33.24341921690399,21.338462885360727,-4.4474590710515045
27.539544125264342,48.99435553123507,48.61853565321205,38.684865927541246
32.77503001652671,14.017243717267121,-35.32598169020914,-13.388757906315496
-0.7758559504740674,-31.377550753023044,25.952697990317034,-0.8070810967917205
-19.00609096809127,11.29386725525272,-16.539536718642957,-1.4826309234445865
-2.0347076412319396,2.1667720512945152,29.544656517512408,12.298133301963635
-48.65498814457098,26.47085905007654,-10.176596821936712,16.87879331372454
-4.735544283173212,14.811930841782697,33.19262911566153,22.191384931857986
-48.04757218351878,22.349765230054828,-26.308754081832873,3.6925067024629663
49.11544668860908,-44.18437514664145,-2.7119073042438018,-30.448997970059903
-48.170961310369684,25.250304409412635,-4.0108073985736254,20.243683217860344
33.91073671938027,-6.977486479853248,-43.99023998625656,-30.195186846741002
30.309743204438206,15.332372183764832,-42.17972945671262,-14.374399116115164
12.789153280090957,23.472232910329154,6.652978290730459,9.874141075787897
-30.394410379616733,41.1717552866436,31.27367277346103,42.209644937126455
-25.34911710749681,40.562803691842845,3.011434349369601,22.499077850661074
35.52818136506238,5.312514288899173,42.60411856576046,16.96314200462827
-2.4525518141913523,8.90285713935711,45.63681336544167,22.236969160712512
-43.49799438760703,33.17541890237649,-39.46658509824945,-2.1402896381655943
49.65455148608051,-44.83395745958813,18.010615820369054,-17.68042023472628
-45.432051795161165,-46.27316105582231,-6.5349889645708,-16.930225507151714
5.612463436497464,5.102086843863496,-22.15594896735562,-6.41301874617566
-8.055145369787212,45.25725885368742,23.80133402527069,31.734138380753834
34.660429162604004,-0.6507351014705307,16.919000624649485,0.34757218179833166
-33.74269256995298,-20.76063961075929,32.27615922781392,8.78732389154073
-48.17668551456584,30.02039621382768,-42.942492797433516,-4.249917770314418
0.9259032709711192,42.11916018876647,8.1081204447514,18.495880203967058
-22.693446758819046,29.54956675102173,-29.569823851186527,-0.7715906732932756
23.14393034581525,-18.512010556882498,0.348844733236362,-12.635927928423147
49.92475062820574,-37.18253560004668,42.365639450943135,1.6305668806028462
12.739924423295633,17.953351180869987,25.84517954485355,16.16358116780895
-47.1657101983041,24.042524039590802,-18.851878178294868,8.484351483543842
-35.67818472921866,21.917586765672496,-35.70141249146019,-5.07365688185997
-46.68725031476194,-18.367015507680364,-19.84722347639173,-4.455682976692396
5.458421790592581,-35.190297278362806,0.9842684607249126,-12.33892093043444
-19.738822097733678,22.453144742260505,17.995938285899513,24.82385332920863
-5.996645385227048,17.286137054162722,40.97949983924815,26.76802261361584
24.939504106328485,3.9296263371160123,41.89073249686068,15.727410324089746
29.386946516756993,-49.58723846870357,-27.845743437260552,-43.53756851433302
44.37680507236297,32.61958354860606,0.6329725155406081,6.823744685776658
13.665148534160942,15.636787801799017,14.223950118582636,10.05256109304495
-35.030709121180095,-15.74998637901713,-9.367276661199952,-2.463936706341007
36.35371108367745,25.222171452319714,-11.699901586801012,0.6361399708346184
24.055394598373027,-0.7758284035854359,29.809563368792197,10.329785075824912
0.5759206791464209,45.90744738121046,33.013097856490674,35.96703943429826
-44.793891244342554,-0.38677606198582737,-41.474053091578895,-13.486895728683029
-37.769793618095626,38.29472984168913,-16.494435708362808,12.574081758231731
-0.9427232837203263,7.249471056974166,-46.9246975836893,-14.326582485043271
-0.03745288024384763,22.228915437608904,44.218075499071446,29.48341007336498
14.512166307848446,40.19256103576416,-43.96368213903862,-2.8623131541024387
-25.97893006325038,-45.377410959249076,-22.244399651072953,-22.012330142055205
36.33659743222755,19.234518564759,12.083073168638535,5.2356366686196445
-49.00546422557399,-42.60603974917462,-8.589819879868287,-14.046805193989298
29.026229332567596,44.88099298446562,27.953624103770267,23.91585311969278
-11.043873367964416,-4.697724882438379,42.1231250825322,15.119140789824161
40.69245503731108,-30.35208815389123,-35.5113752902305,-43.3854393672136
-9.83357674470814,28.55402474159179,-20.73444075698636,1.961540537001658
-1.4875361579510624,35.62106440014665,-48.05644750256245,-6.703638761388873
18.612441701008308,35.21546610130666,23.890011718081823,21.0559311752246
11.930432650873627,-3.912729788174204,-42.21350539107645,-20.7593293920744
16.016210892176602,18.225533762046794,11.340269149745161,9.786315606078626
36.213368910351264,28.603242629881038,28.8661673813086,16.81672693526171
-33.83165479734632,1.006177515568055,-27.60239475939924,-7.692295095234801
19.98705463785936,-46.39619609488568,-1.752912473608383,-21.403446508502995
-20.723985244665645,20.117225822013765,48.189221100365685,36.09509821479501
13.904395431257797,-45.88765148124306,29.604761965855815,-4.920375430091144
-24.099748466092073,35.619044432058345,-16.18439910740196,7.4691998157890485
20.58648651289316,32.0429674043921,-36.82372429363061,-3.1938200893800626
-47.40342698843779,42.35863202574957,-15.457182379423827,18.035575596112547
36.10464049759862,-2.188627329717839,-41.140434237963305,-26.942388952041888
-32.66627834989242,-30.880216942784976,4.432913940253194,-7.790512125279881
-2.386033977559599,-4.009162271496834,31.560965688342904,9.780140504616988
42.380170499582746,33.160697102762654,-0.30021318339387193,7.633109239327611
44.43794201597231,21.672710588334155,-12.542855207268602,-4.456165301204079
14.209089608609688,-11.141815196784819,2.1931738327728993,-6.841894895341387
22.97016875028261,23.018231883490145,-5.263195350448569,5.220941076827915
-14.856367546090944,-12.249165485574196,22.59014147327403,4.912810447621495
28.600131320375837,4.019704226251044,27.918794686597664,10.64629143025949
-16.90829195774942,32.77068607527424,9.168549448269161,21.73447707024502
4.564959981008677,-30.919436007752054,-38.93987364976503,-34.068363420703015
-28.436201364940306,-39.44793086982122,38.636502205851116,2.0108416218678715
-33.140626847957776,43.55875454380708,-32.1923686568616,2.5420741077036806
46.13848835212234,-42.58674568112011,-49.135653591316185,-57.773628259993004
-17.713510847364432,-19.730389433101315,-27.761174780026245,-16.583978063515392
33.503238713410354,-25.161486790800403,1.3519844687586584,-17.08367032710902
49.59891203621166,14.38177806969371,10.2638414010203,-2.3047614872289612
-42.817925946208256,-17.64572124880459,-33.3004216450033,-14.229177420232077
-18.84249267678808,49.30028621628793,14.437515757346418,30.802523559612737
-25.35280996700483,42.93853354975049,-39.32314451335827,-0.47937749242194044
42.48339674020801,24.584035817176414,8.33668150906832,4.885842483002487
-3.1300128577295894,19.038374856825598,47.32563699016001,29.6437505981948
-24.904627668488853,22.477796345828665,29.867114533187575,31.756243053932323
-0.5894408535789282,-46.15763993837402,34.071825907440186,-2.5100968807113015
18.647786065473042,-46.41518775810569,6.536942310165813,-15.817495367897864
45.991921922141515,-41.487956754544086,20.621720410251527,-13.094614631583113
28.130562684714036,-43.86329028168425,41.90147140783995,1.4724116437345531
31.348368106957565,43.482142605004555,9.752780503757542,16.68495635579962
25.31025586288237,32.00621895373338,-7.958831204996045,7.313947475959745
-1.933614745764764,-39.60798690830308,-31.658319417303193,-32.6940605926919
41.47041266252826,-31.076046425267336,24.993401069811398,-5.49704831927444
-6.11290735889164,7.6916232591103935,-48.439010381191316,-14.316839701722575
26.315590240500185,13.79477991087392,14.998271444921457,6.092807449583452
13.842628687257907,20.321434202015737,-3.270989611188412,5.278351079179064
46.663470931612395,-15.170472932449421,2.9693640264342704,-17.24581325993069
14.433014244345586,-38.347667522907614,-5.497065301823866,-19.704591738804012
-39.185380638339886,-4.177386694764905,47.71549628007314,25.300348040305582
46.40879777926605,46.28801120025457,-23.268619589194294,7.148953827983752
-23.282939481896705,0.7915193809698735,-7.752619271673787,2.43882223363022
-35.513094557918244,-15.514428535548497,11.196845648249244,5.220399998784855
-3.441840460617719,-29.290914615525033,-15.584050646343087,-18.49402955189162
19.691849729139307,-1.1847609393876866,12.299352912157289,1.7445307794991054
-30.47960301078988,45.690045819554754,-36.18869592480526,1.2690776880067673
-23.53959159673209,34.08298632994715,30.152606519219788,37.95362061639308
9.086730107317479,41.49945721476797,23.30655321339063,25.477758457454858
-29.928790060835965,-25.508009606499215,30.10763821065042,2.7980706783113947
-0.9623544117561593,35.9183657188166,38.846099639577034,36.149217522748266
-13.636324140114432,19.93669900937212,-41.38577901530537,-8.233053005100105
45.42381927092234,47.93925863239416,1.3973254249808207,15.364557258260696
2.0448337342632428,17.160913003745677,-28.080203217651768,-4.580107932810401
39.30739915696391,-2.9431369369024267,36.21189104683211,10.66592229775036
-8.308099251923728,47.280619513397795,-16.07493156758678,8.96447866120972
-32.87641694428325,-22.756191247557222,42.448232048564364,9.55609113131563
48.91588617730305,30.692343960297492,1.9924170562831165,4.921165375909272
12.749853029432202,26.499240596112443,-18.402699805062927,2.502143951335919
11.471417922282214,-0.10047955380591844,-11.746230688556189,-7.76118201781348
37.318784621526916,-5.120741484443144,-43.44059022913991,-30.021973965601866
-34.89416764856481,29.281637431164683,-37.687109834880076,-4.566790387792831
44.51735539757698,-32.092249532296506,15.756532358718928,-12.812745360178887
-15.077721765543586,-35.429294532297384,23.448806009560442,-3.375821085188401
29.088423790514412,-31.967557043056406,20.293156796571438,-5.094971157498261
31.072047346579026,22.80787996091938,-24.611112564364756,-3.789832585992018
-33.054482511904766,10.666891481103022,-24.80842983665085,-2.5202802080867346
25.10550179180599,-31.727194895745313,-48.218913959931356,-44.42268107200647
24.265474101847687,19.735936305009886,-14.327922776556889,-0.018839253091885666
44.3415930600497,45.078195478972546,44.29702343611048,29.625041836128432
24.097880956303825,13.909586494792336,-44.81553162819193,-14.101805020388007
-48.1423996096573,-36.292613080917704,-48.787365031353325,-28.43317967215621
42.08111924379534,29.25333260506629,1.8695736839360464,6.242416069334375
6.447447132359962,7.54417201360117,14.965278391195753,7.970588815703548
-6.24404204583049,-40.16486801435231,11.085469007465562,-8.847491894539221
13.535993000322122,8.481894315013719,41.50399049376847,17.49248328452425
31.402801300260393,-16.08152645657043,-22.17924950660828,-27.51251903252714
-13.253295116528285,31.00536353788854,-46.90653046607361,-6.677076856618967
21.606691526936245,-4.869298985921802,-44.49781703008278,-25.48247399804508
-41.54005994872813,29.142955410826772,-26.553145358900863,4.648697074928033
-8.702298105820717,-16.604485455880372,7.520061799152643,-2.670109470512643
-21.57622850576847,0.7220293114312497,-28.6581226669247,-9.763958607367393
7.302509092995457,5.139873927412985,3.618781881399528,2.228451258284183
45.45605539299744,36.13508181807062,-46.162577033878236,-8.080850728709256
7.917846938666941,4.626394084776521,-42.9293720519589,-14.666627224313377
32.347741433280135,0.8553618927135886,11.764556655601247,-1.8224894025502687
-8.182781628874814,-36.62752151518798,46.87233079794426,5.90632457700291
-13.766630181028091,23.59115825869351,40.636418620567326,33.373331639381774
6.730858323833289,-28.47024972288321,-36.82622312379823,-32.8886145192413
-42.97294418454906,44.71111667082391,4.167879422280272,30.59416423150578
-24.22827709994284,40.12343987090246,-33.94411498616723,1.0973375593177759
-42.90389923080159,27.48658560612172,-22.180858903147772,7.111596834042548
6.210648902711021,38.3752027555708,8.923856267191908,16.12131260933284
-14.495446682300404,-9.629803130249904,7.182853494585828,1.029800515493698
-26.01888937130532,2.937897648547306,-0.2152578737513764,8.735533543059752
38.16702340341418,-4.513730649776747,29.440376230371996,5.824104563971942
-45.170555151789856,37.3186468552845,-37.79976544846076,0.6516434229134408
31.572894177333637,-6.434750908501698,-2.0168463455874956,-13.029097815070756
14.152403010671236,-12.280595432934795,41.77223269181131,10.860658044325952
-40.802853416778575,35.48448870045192,-0.018846593415197788,23.962696176900096
-23.503862390771523,-27.796071417065406,25.607299486211332,-0.5003183558346491
-44.35374379025573,12.597838938430236,-15.724747888540001,6.99576041124166
40.27713001403342,-44.5459316701891,40.63111766117137,-1.0735012912570208
41.27201419926814,-15.381539344297025,24.03230966315941,-2.2869026509264043
32.92894700734415,-7.2757608650621535,10.253851028339625,-5.525636813734786
-47.51081989019143,27.92299095293268,18.148333689571885,35.76728144084361
8.4991652982511,-16.85155683351651,39.89668850827171,8.862275218425994
-45.26305919257124,-11.63541604428476,-38.86203141951022,-15.10259912761814
-15.471467574418774,-41.84141237142537,43.249332694384606,2.3520968796095305
43.628365107677396,-16.23781881010496,48.89067998128647,11.77135162477528
-32.07580958079862,-11.322418813228829,-7.024991980766195,0.2957652494180951
-34.22049411577893,-14.363190066529732,24.053223429425657,10.103663898336405
-4.336313288590496,-17.298033457991934,-43.106589850665024,-24.74113131446781
-5.672152412248842,15.250781870266465,39.481143585682844,24.58059952892356
-45.499738511378695,40.74355687015469,-41.721028644589744,0.023699490989078087
43.48380584564066,-34.28682398489357,-16.03233109281117,-34.01043485495354
-19.28237480944074,-34.13041816614657,15.737150374709088,-5.893635956413945
12.626537135755278,-44.94055623678895,-41.58421694039117,-45.37054181842781
-6.6107679042620475,9.634957587624413,26.778473666343118,17.28474410889428
8.350795795217223,-37.65422257842452,-19.798044728952547,-27.412146119871025
-36.46368121220067,28.70202452605554,45.77373105951892,44.210623975348284
-3.592872106957735,37.64853658063397,30.38746938738636,32.74772163520071
22.19720150124806,18.45016109875165,26.62175080152184,15.090915261536999
16.582905163870876,48.25459909267971,-25.091326879345253,6.461995406946693
-16.564868579242464,42.48308180004942,-19.73409634400265,6.8892281135263325
-13.683805608663327,42.070116647247275,-37.78706898384667,-0.07587811069703379
-4.249498177317669,21.9753669363444,0.9909688047927432,8.815447407355816
-41.06917553893157,-21.261968758605242,-18.121963153011478,-6.852082260844085
-18.1705883337435,32.89221988307557,30.042583074799538,35.90368269889662
-14.882055592211017,-0.8340454567701272,-9.35559548675343,-1.6554734497615784
-15.402165267129533,-43.874894420606566,25.014331980103236,-5.043301808095524
41.03992650599049,-26.535205810969188,38.13366998949648,4.628095359066571
-32.71144318810322,-0.6086791927713975,28.960959671237347,20.106883438423793
17.521634769878858,-42.768471351278414,-10.373093562538507,-25.355410464461986
16.288776081058558,42.11895736153643,34.29153922174656,30.610021969481092
-3.4858936363961277,-19.009845742046227,-1.9815152464804058,-6.56448340302694
45.64390523845708,-34.34384162841006,-41.11461821866587,-50.011589184608845
-16.79279528087084,17.723484914226233,-1.3577133365920488,9.902351839566382
34.009379815025014,24.18894574740827,26.86920298426972,14.838739849983051
-18.500539799143734,43.98523442465721,38.31128411365553,44.68949879822235
-20.895425532772272,-47.475573264010066,39.70674916609639,-0.1598271999770403
-35.81957675995656,-26.840183355065626,-44.29145563020539,-23.813580676754796
-41.200947159596794,10.6262898100834,9.74543747711406,22.865586695909855
2.843483507318936,12.019932290691038,42.175364422160015,21.00704824637209
5.189515935769684,10.12542459161837,-3.5624310449076404,1.9531912631104298
27.18189810622215,-3.3237952044835453,2.6813167988915296,-7.4629850210425674
32.12944090508485,0.7629677730156672,-43.54335233685407,-24.806800313395325
-45.840930883644795,39.98854134313916,11.048424504773365,34.21972485506684
45.94267497830833,48.6318592622103,30.710871941575135,26.061666225273765
29.93903042864386,24.952334868316484,-31.785807353568927,-4.736093301047382
49.93778152546409,-45.16447868164549,42.40851436880445,-1.377266660675017
25.977996068708748,-35.15145943441648,-10.36442308591812,-26.05413876717525
-21.48115433736477,1.3352289531603816,30.415829019742503,18.002312617938475
4.126607246436883,-15.366734127207302,-8.190922071347984,-11.622082669723895
-6.818765658492467,46.541793894817644,12.617528046747616,25.066533847743397
-22.623029293361498,-8.478546883527812,-32.899320862551285,-14.121264496045514
5.167547984909092,49.647981890635876,-48.129041274167115,-1.6895003345596904
-17.756100108315508,-43.4452710951649,27.250731507612727,-4.331136261397941
13.534147199161808,23.34004307203567,-15.081604643864601,2.403689302939693
-32.93703272971892,21.719466109979095,3.2299021620342288,18.737376823182053
13.381255940219006,-35.03918554658222,14.795930164758119,-5.558788941710577
3.7605220648045403,-3.3634746709670225,18.29579263557237,5.358234269092421
-13.321851062174403,-39.28192993291331,47.335797803719174,4.01171727729675
-17.257256187979074,43.68621193203059,6.342130690421314,23.076513130404877
16.425958099237704,-10.987547409590945,-44.824724734526875,-27.249373514568394
-42.66104069624478,40.20875243054839,43.556119478614235,52.63953861537959
-5.028839965301444,6.676654038974341,-20.108786320037286,-4.912125441213741
18.176741893800042,15.834509133739132,-18.98476938839724,-2.5217506060237715
-17.922000659459854,-41.076757492795345,-24.903880114311463,-23.73040116329684
-43.8036321224573,13.346357785098903,12.825957446541494,26.740652252234902
-33.414175300252055,-27.667339910953316,-22.7967816734543,-14.925012830329681
11.544313996924295,-34.56759453969388,42.4477350511398,3.916298731546768
-29.137379535597884,26.45535013885977,-1.3352933477485252,16.39012359356831
42.56467583134466,44.4393015418994,-36.34184593798212,0.7581618451362295
48.40334369158806,33.44431429910456,32.35930406013888,17.3233864498543
-31.38492402992338,41.36646904456998,49.616135907109694,53.74354736539198
-40.49196758390079,33.36109053323926,32.424140575255734,44.378624741776825
-5.4247508114821485,-15.182126541327847,-4.218966236574126,-6.1701861329032806
-43.26731884907645,-2.73459671406615,-23.474899073428134,-2.883068381175661
-17.880347316945056,43.90806652090714,34.871767151399126,42.322881153398036
37.13598658046445,20.21337256943046,6.176198620871318,3.411054900205564
-19.11793496823523,-15.18287651799821,-41.751367109556284,-19.406549720074096
-16.707976014138893,8.55800305837969,-7.132536912827092,2.9974856987771865
0.1571736537229782,-16.938678999452186,22.552444099061603,2.763896269496772
26.76488042333216,-33.91176288832992,-33.998813951279686,-41.27362123928229
14.752474649658097,-42.75954911438858,-19.63353006362417,-31.665853590699783
46.57618756130381,-38.3728547074074,-9.21884599336348,-33.55028006382824
6.123638487124339,23.135394247972954,28.027718693070298,22.281880841836553
-35.97506049330663,-1.1344714381927403,2.621094544504956,11.002244060651817
-36.836158488018846,20.73632978383229,-27.348918903905993,-0.10389021148731488
0.24180851035788464,-19.820890207996754,-29.498093686687753,-22.740224034632863
25.668396411116944,11.27105839694724,17.221130790754486,7.042243630934868
4.774911730136232,-8.920035811937275,-14.893981289997896,-12.152397946604825
-39.74864432879792,27.698908502209022,-21.390604475016627,6.928629256842741
-31.405857300145424,34.50429322377663,7.479833290870822,25.522049568770345
-40.810379111592425,27.147975339311643,-33.165206733243814,-0.10160383861939348
33.38502179375578,-24.600852298312525,-5.14507267190767,-21.82192784818171
-46.88420578074426,8.656350894101074,-46.7730810792796,-14.143200101276236
41.85553481348532,-11.478539075334169,17.920873346994284,-4.825987088379725
-28.91614611203832,-27.96112392753577,45.75873103124769,7.709642812059974
-30.031598028317173,42.41182783233725,-42.84118075739377,-2.406053554421603
-19.990733446578936,-40.05247332995364,8.045243051739263,-9.655826295354279
-40.79664518857569,-7.4375415711541635,0.9014480783661725,8.231543159849044
-37.45566072643891,-34.47840191005683,-23.395899764444984,-18.111280923645257
-34.878150734255854,-26.055929648158404,25.253405838089378,2.4007483427307186
-33.219556481075955,-10.926576173445198,-15.56406172558549,-3.7588533097128014
-39.98867856060158,27.37378015850713,-41.32983582030671,-5.967870379490954
3.1389015158520976,-25.449053647436592,49.544938273071764,8.915913868160366
15.103387199837627,30.581918246038413,-49.065923909484496,-7.369642370739569
34.099778018181325,37.91891114697721,-47.09089389994826,-4.439266357571473
-25.50870408394099,-46.77167959026114,48.80089142348727,2.643180958005616
-10.608782473394243,-49.33202586135377,46.852301293858005,-0.9233637375401376
-15.787723288716485,14.736428659435163,28.634873875174122,24.089962679723023
4.058882946976475,-48.159872065977346,29.769396490222874,-4.867910146976975
32.32661179761081,-41.00796270641497,1.0215842117330922,-22.232801978882936
42.981921400549766,32.96428950577486,34.71289260214209,19.890303017093153
46.698859541636224,1.4649558768777524,-17.728729417163635,-19.47209057805688
-34.65719452426153,-6.885208348866392,33.49382411213362,17.944625962422307
-49.67658798024155,9.064697304322799,4.279198573139986,21.425654672921233
-47.058339453993334,26.50090010664225,-27.039443096548265,5.667184044906234
-11.916398199882664,35.23071317746876,-15.725797985496634,5.71189464216916
20.89367338508073,-43.33270755233873,-5.218880688069696,-23.89796694866744
-15.699748554252011,9.951028916965612,5.416542422895901,11.388300507234174
-1.3475594585738335,-45.7619090060996,-46.39028688824172,-44.39177238766865
25.186324519315804,16.815840884685556,-42.561751001700955,-12.715678238446767
45.87635382197983,45.930021475370054,21.443399144013895,21.743955332653492
-15.073259049038434,1.4492058776016137,-11.504385859797381,-2.4257912055376676
-32.64503804998719,-46.330931408529906,2.499747279274864,-13.74615608310092
40.03833570241733,4.909130509222038,35.43444881515306,12.564225507981337
0.7634219137780036,-4.434638770736633,-22.36594070164337,-10.833165795025566
4.40851030246224,-22.42657952801519,-39.99339238885208,-29.52146153266215
-18.74779950012838,35.705508708143114,-0.4741028313288851,16.536554855638975
-35.121696211104826,-35.30033576626765,4.369053854653259,-9.589105581454202
19.235084890552912,-26.697640604754625,-44.99447768064972,-38.43128261826256
26.583034024055735,37.37226170674957,32.77238082384338,25.093492357162063
-12.026403037271095,-35.55662345730038,46.82172231906617,5.326026103791798
25.9765687143438,0.6483531639529971,-8.712249689876963,-10.715364561788537
11.517132128568988,-9.162415696407422,29.51620706105254,7.511595182249226
-7.38132974621093,-5.02403231620292,49.95758016865665,16.342189323269096
-41.854740881388075,-32.64506539347612,34.390613461440466,3.6198263817084184
25.03800255737113,-17.242969970486385,0.5710256130088567,-12.439613979198413
31.596119683100966,-7.671318868533348,-3.4884650083844804,-14.584881820020476
-11.900003086932763,-38.488829797735846,-29.872758438754687,-28.058278384393397
48.53962836985485,-6.078098452305937,-6.425642327170408,-21.02661566776997
8.894275814950959,-38.548023017963175,31.280949545603292,-2.306297702158849
-22.38666628960879,-47.83365308577379,31.825357788248468,-4.880550171363151
-15.684833290179824,39.866827722245816,-45.132629096875455,-3.901851943385126
-40.20614131781769,-22.098618221023813,-43.910895862011145,-22.29657382785811
4.273369012713367,-48.80241329908157,17.015288568170746,-9.74304049414372
39.92026350280349,5.784784905571925,-14.350928973251364,-13.605116087924566
-0.7708861783921606,9.74997473072203,-39.31258567975895,-10.857263769464089
-35.61510330205989,47.85704560248763,-17.356551487728836,15.11847487566124
-1.6088864208758196,-28.60876097463292,39.16459004837208,4.415790441686442
-1.472037021401377,-39.673364995311665,27.897799977871458,-2.203320527194048
5.295933561983134,3.146884289620388,-11.981382835204144,-3.8993824304689264
-1.971629678882394,-44.04209056468845,-45.51990583928483,-42.53940771253183
-47.7798818976788,42.99844398801757,-46.583665336865245,-2.06658756645142
-13.777733604539733,-0.669308088743982,32.58698774291598,14.666800026753174
20.13110290486307,-28.237457302125357,22.8321991869865,-0.47244456349437886
17.015496282562978,26.961751706688418,6.056289470203033,10.629225929919214
0.7468099685399281,23.532491675731208,-32.08915012061809,-2.798626365836651
-44.970446817009936,13.84355993384687,-10.278605567445567,11.224120408972807
20.81575405620694,-39.972387960502154,41.73274150636799,2.084003173344423
4.745052065860953,-30.552170555026457,28.67441715741859,0.6996477794102438
-7.279650866835915,6.660076178390753,23.177437791612704,14.416341423950476
-4.012251657823327,-39.52261453429983,-28.17306824211594,-29.809573447070647
28.724171223422815,47.32347943243094,-24.373613245442716,6.451395469633468
-3.7221758883101117,24.475686613999443,-48.904111738745506,-8.802173537959044
12.708053839989297,-6.658937509279184,33.431633161443216,9.246339212841908
37.35056717913963,-0.9392340607705094,6.108958668832422,-7.611326226815002
35.615806477285375,23.78078074111042,24.01981304735841,12.324325745769958
-27.899430841810712,-40.47071054265828,-27.389368838967854,-22.204257502609675
25.141648099790217,-23.134308617977016,-0.8628913142672232,-15.568365884537585
-3.5744704010934782,42.89102418960982,39.76771167146464,40.2697991262839
24.66458073803244,-22.21830463912501,3.12678145788459,-12.506565514654763
-16.488830883027937,-24.06462938600479,-11.353133301117616,-11.405704127842494
-29.209198403531488,3.619313541788607,-1.0525570437668321,9.121641695337658
39.58817888806048,-6.052828543505214,17.307051240182957,-2.8592406169241102
23.004428108688344,-0.7841602242552383,7.908827482006153,-2.1915735462361274
-28.044255949807216,-49.9657955553783,39.9966488160986,-2.1896772242348055
20.161526837833605,-33.654880846368314,22.742932865014666,-2.3180728325415667
1.178853871806382,1.7821882908388957,-3.8456477463540963,-0.8265632718670366
0.04480649486227861,-42.886799722092306,-10.728024822878055,-20.404926310491778
6.1839198790274,24.370323202545393,27.553522773225723,22.86891831003267
18.720345909232222,30.348913299706425,26.969493511437875,21.597875929530947
-9.735341586136826,27.485893026518326,-30.923807974409623,-1.9054190002181894
-46.68522315339499,-39.20683196237533,49.773151677412926,5.8207432084651805
-49.37916316378853,47.30919065230205,-22.14589715145725,15.45637748858119
32.496958253903586,26.200437493378743,21.1233801376232,13.56798894321718
23.068256572148442,-6.674281654931555,35.33820717851394,10.387342528426123
13.298282246396411,-4.064885228899392,35.93437502653801,11.500916884461683
6.468859339784402,40.04485209970534,-33.51141868619331,0.36858988967889117
-48.97443078019476,49.668141348064324,49.20331937724683,63.15213464739385
-21.551838124118827,48.69461624438517,13.526249680705426,31.22104743082152
48.62257442564673,18.47907196368932,14.511963515446709,1.823238943628292
23.92274827850582,11.031812728235302,-29.162258389666075,-11.157425636378541
-5.875347697617443,-20.188024738605126,-46.08189136373141,-26.849415291826652
33.70460321331046,-33.79973824256233,-43.34679662220769,-46.66740795806581
18.127118232524097,-30.19683689513297,24.8128623440239,-1.226987446168966
-13.05231623352745,-22.34250564911403,26.74001587269524,2.1847273426353655
39.55962680083921,-22.63617579858218,29.40943740963509,-0.7444808029991892
-18.815993078650983,-0.6915026657588044,-40.40488804550348,-14.112162681581221
27.08138412380356,0.8650009773302969,0.2998828073538462,-8.105872452473948
-13.680401665286233,44.261889478997404,48.10485975205191,48.47024935555072
42.02405913116041,30.80515387586641,-21.856653411852513,-1.8347721829808283
-43.5062091062696,-49.53986043238633,-31.608351684795053,-26.643605735882865
15.19665743272796,35.76048969063366,32.78771260656241,28.16720554338772
-8.486057711197383,33.596927159498165,-41.867703738295305,-3.759930940716683
8.583453268904066,38.7603622850699,46.12039808729192,37.27050544883439
-32.57498231379266,30.256858298449217,-20.293715684147095,6.750520642819972
-14.109117416012637,-17.546322373686237,-11.716189452136469,-9.64371234524557
-32.36940966116665,-39.41555541251823,-48.874030176582735,-31.644216017955763
20.10356873605302,40.03996624723351,35.328320951478204,29.49236196258761
46.858250551679475,-32.5863956822559,-18.74992002546081,-36.25721410755936
43.68026453617951,4.959634452363474,-44.11684947747396,-26.63807700065008
-12.861607239344096,-5.634133663534435,-41.45522175923146,-16.11196535501601
-4.837007034000685,11.406758433256115,18.704002711007035,15.056129192023285
44.58720367691819,-37.511911872900086,21.474332374446632,-11.175856517925387
16.025790062423994,7.466364693236812,-36.616831478796996,-12.616459104554433
-29.65722062689157,-36.22647186524418,-7.410340642187855,-13.840878032412975
-25.648700793662393,-6.373580411238358,5.17343750078895,5.922343779527926
-21.468650229050013,-9.038618644364007,-2.1745714649562657,0.4114469361369756
-17.193174921692723,11.363439536383737,-25.078661281537517,-5.257348074765749
44.01927869148979,-41.046887782185806,-19.19786705183646,-39.05359966462305
47.45211105933724,18.77204918571222,0.2156085398706722,-2.3706852662540654
-19.47818033341926,-14.725930505310089,12.183101464002,1.0377143100195356
-42.85605655029535,-23.191507130828093,-49.08113808136936,-24.261932043645917
-0.1322919609060591,-8.331735459529234,-2.0705492302553665,-4.011636404612512
-0.9938447451017893,-18.23680018525352,27.19302250769792,3.4302277774454843
18.290506438277745,-34.80979891637994,-23.727647155305576,-32.65455963761123
-20.124145738559996,-13.74845825115267,35.36236512550464,9.717272579944249
-3.466229832376243,48.88800903775315,45.17977209260647,46.002192935405986
46.77394433552976,12.657952675538688,-2.211244855685024,-6.986463143355612
27.304410510533287,8.943361929754843,-31.921524306491676,-14.324458244298404
-32.14201026471996,29.1314995408608,-25.661714008827808,2.157664577191869
28.166264599805416,28.374861329007757,-12.796878738340482,4.509482897130902
5.200351026216609,-28.416155862597726,0.9627655775654063,-9.739880851188833
29.76424655324135,-19.556064891284052,-10.838498795537099,-22.089688651485055
-44.995959543334884,9.350111369431957,45.23853872964328,34.764567882644
-33.62400842463268,-15.482478531030921,17.893645277201685,6.383977355906776
20.788463266899697,-36.70385960831642,33.604954777446196,0.3306020397870246
-21.303329168093356,36.141176343793575,2.205593335123858,19.62248277840547
-19.38932775330221,9.314338099843823,18.33588268709805,18.209105474384028
25.420003222880936,11.718931446121061,-39.108346713458765,-14.17987253713695
-37.723342334758335,-34.49267331211813,-20.862175651275905,-17.090995883306768
36.573068152947144,32.4768196140986,47.92083167567466,26.917741056858187
13.493224758022059,-35.535862600557024,1.182888437534956,-14.007687510528502
-30.611771258605437,30.06560904764551,45.48372171167327,43.729594991389355
12.756008501638384,6.195154327751361,-48.48559153236377,-16.6770122414611
-22.351237707915907,-47.698446067728604,48.44639213676423,1.7017692666321516
-32.40910513411839,-31.208443009631747,13.207142660971073,-4.611770898226533
-39.710133791817604,-46.479765939555705,-31.118860421248783,-25.418102868057392
23.93889319459663,44.4905833954457,-13.01649006313319,9.011645884617495
32.806710232238856,-6.383231549147439,7.794793288942699,-6.719913755094349
7.868447858092111,-38.990398323802786,-3.7898224646931453,-17.17941712478797
-22.196834888624185,32.787422314817036,38.241818484789945,40.6102530552185
-29.791348037122834,-23.464495467650515,22.589490826276148,2.6483373764258675
-16.89776284734765,-24.241167361953963,33.79535121315247,4.213317255558454
19.228776348878952,-20.01041878533153,49.83371063191484,10.676182883623095
-32.78019049421391,19.521121930025203,-47.23783831721566,-10.477575332753236
42.60399953000858,-41.045981941529874,-13.60621302374939,-35.152434709232885
-40.61949125819436,22.001331109127335,-19.759246786410312,5.692944120899927
14.562939775532797,-1.5145233451941067,34.53908037810808,11.436631365736284
24.91496673078521,-12.634465616049305,-10.217854496227197,-18.652980703115617
-8.848479951616298,-40.875943696857654,-14.249937719231873,-19.408340174072663
33.97318700662501,11.659938879909845,45.095226533589596,19.392012672051592
49.49180308006295,29.716006557192088,-18.176540540220987,-4.016586015915217
-11.296221263663156,-32.476693265039344,23.206334823226953,-1.9272905947477548
-28.247411218923013,-14.936589562241885,7.779183343210072,2.3257387092640367
-29.96928495035108,-11.63216945290921,-0.9282854821828366,1.584550990449195
29.805627060837722,-39.5343149896083,21.346742450882218,-7.81105689737162
-10.50999290750373,-35.66225110269383,-26.184854522513255,-25.232181755941397
34.11925848497134,12.276905729122554,-27.544964460731038,-12.210880732322318
10.913044519181,9.209722685472485,46.349787424961264,19.042941026751127
7.810560191714977,5.128725939218938,46.413357174962684,17.885346959134452
2.1281700729180884,22.169987358656755,38.09307456736141,26.1769109539758
32.53544238681614,-5.386932602334802,-39.16973042745884,-26.857353675474986
-14.725912806001439,8.815470341863197,27.20336211321083,19.62575439863275
-6.838336137622726,-15.915660329656198,43.73282221924448,10.777081643793204
-48.45242342617362,-6.612351545350457,22.38175724832655,18.614795216054564
-39.11561230318114,-42.277170416208605,9.456971431365915,-10.33215402805723
-44.55725527305046,-8.380679824674651,-37.12333602289013,-14.021914638631818
2.320835616817483,25.39858462267445,27.062030091213458,24.38559737476476
-1.4475599875813359,44.684571448258026,17.54955292854399,26.22498341129123
-35.17232131004825,42.141923346747134,-32.30311089131375,2.6874274078879967
-34.839144877444404,30.903502640250323,-22.42594814400798,5.606796901110187
-31.64308646256603,-34.18206500296815,14.527389697041286,-5.575905048515706
44.47914427874167,-8.013098697323294,-32.35329259375014,-29.70391578560494
-26.63856076251283,-28.70630224507975,-10.85350730743152,-12.977949375487414
-43.5947299084023,-35.72662552489288,23.22900264746181,-0.2745549758905184
13.347110781201046,-19.254845910053607,0.8987038799789602,-9.505595688382408
-17.097774004529242,40.44109962945993,-30.53054828572882,2.7832930215779372
38.99946818871409,-3.4438303410187032,-47.91663375332648,-30.822795908076035
9.896242653527764,-44.76598269547804,30.30988946259147,-3.3324194992058476
40.6136017151688,16.95283539752768,-24.863723959102135,-9.285207442482522
16.222350460619722,-30.667869874777697,36.20024722252427,3.219125839578394
22.543372648377186,-49.98669620736378,-30.21309636119075,-42.81644118618487
-29.39939479045134,-5.356634452317429,17.87747363888731,11.84889879499853
44.781026239422445,-26.041445153946984,-44.719894034567,-45.02637412804527
7.429963596744393,-42.68512034840263,-11.465025546024407,-22.97071937752395
-19.324102820821587,37.599304820755776,-11.235265019199879,10.280713424033758
-2.6823557645288076,-45.70890021267729,-20.251132191210786,-27.240624229095797
8.415435623441866,0.9185409815777206,18.46315387704358,6.557119537822869
-44.18625166343146,-45.01538630132592,34.407530656488575,-1.34733197448497
-29.74514956049553,6.190093407965534,-49.34451914031983,-15.377795796724634
32.57327967600722,40.75447416860719,-31.680470576854947,1.7993498827843468
7.443830540570197,-29.616153772453877,-38.904723792305894,-34.228270516785166
3.091023279488013,-41.55975101101084,-32.52989103851497,-35.54570744123663
12.933467002621022,-12.481406828919937,38.675463630030066,9.633895563595566
25.263279693165373,-23.168409653813438,-48.52015616123381,-39.08133287883284
7.455264343334036,7.365973430600171,-30.727414162731804,-8.579046312081884
-6.499083817499532,-44.53328301944616,-25.423593477826977,-29.173597183306008
-31.573836489352626,-26.06351222396578,-49.60986700609497,-25.513567681085306
-7.534070009040619,14.121450747240587,-33.15052673861193,-7.302984894901658
-32.28662658584297,30.06409311891497,-8.289777848805215,13.282454389245105
6.732006284464497,-5.945114550499667,-46.30835608577879,-22.27468829964475
24.36512703774069,-20.60664627458725,8.715258610133581,-8.449676940126457
32.003417285487785,-16.391034999613886,-27.712301281822725,-30.03612903495864
-28.664467311462218,8.0903077515011,-20.509500928005263,-2.6236964062423223
-46.47893513854591,26.130482900363134,15.182215527395897,32.75199373356457
-46.972470188318795,47.442536051889846,34.61914119496447,52.849183331260306
-35.773307407195,46.47767271510517,-23.515125857109208,10.059157141034927
12.14461028822953,-35.08662007471898,-24.621327383701185,-30.762543481507784
-12.14490570122836,44.313268529335076,21.517396522025706,31.68580578621195
-3.6567712625733293,49.84949941089991,-47.0848717105102,-1.1047096797111156
24.85553754603643,-16.419974474808832,49.85517985824457,12.537799294593537
27.81367659882747,4.2886815304050785,45.55861069145864,17.249147913700124
18.177145772671537,-43.58608027056374,-19.052632258176295,-31.633131262838422
-43.730900529211716,-13.37282768863789,-1.5362917253839612,4.714172492854908
-40.990092508001126,-46.19412327608974,32.972698551142116,-3.300774223209843
-48.60210297969104,-49.84718698943773,-47.22802719420318,-32.1727986444073
39.212108060781375,26.828061197476842,30.426440944787828,16.31478640366897
-14.974585826189546,-20.70887165884375,46.01809272355443,10.328395297464555
-48.56071743468654,-7.938894469812794,-21.336228322922533,-1.498161059933132
-36.338785020568,35.35966739440252,24.765999981525994,37.99918974564289
-42.7439369400574,-9.350741836439866,-32.74666004698986,-11.221907097562406
-10.98136563005663,-28.929408594288375,-45.65082269752509,-31.008711145012796
-48.403850702374854,-29.59812475115512,46.202295193264845,12.37688213395869
3.5613800994295985,-9.773583587056535,2.1325986417299205,-2.654389039228284
22.33648435647801,-28.59081588521918,-48.35784666241278,-41.539391642968305
-33.459122125054805,32.32134592687751,41.841280142668964,44.52480743095565
39.8367293265343,7.849956148650293,-30.998041075943185,-17.889312884538157
13.43980812873474,30.470672188719206,-2.85161397683099,8.376738882960915
-24.426696767558344,31.758562542637108,45.911351309456876,42.603095165856935
11.790315361999028,44.33358246952592,25.346531739718273,27.051429079366837
41.487506839213026,-26.625769373727014,-31.314870876246026,-40.38828449618546
-10.732485657646706,-34.916702871015275,15.726188998346956,-5.756771023912541
-41.874236232149684,16.013465003923244,4.703697511126727,20.82275708350236
17.156447154913096,33.664122867436575,-41.369289938189546,-3.7763916109587052
11.57077145402905,-16.36986682462279,-7.680128078938445,-13.845833141482688
-47.32721747582646,-23.334963853354584,-45.08673571640537,-22.63701602039354
-36.76172322542678,22.563289376090097,35.38133783413315,37.610363043384915
-11.196085903925244,32.72071495574326,25.816583558430636,30.635129460591283
6.786993175088142,44.16345409544779,18.212491168408064,23.98928032906309
33.432996186280306,-32.66847661067492,-0.4812402634260735,-20.959384349339796
-12.011606644225573,-12.869891966725092,-0.7524664696126422,-4.427094108222689
6.181944162482523,17.391416820282075,-48.810650019965266,-11.184389590397757
-43.471283144780614,-35.17352520413412,-49.48810551526118,-28.551709930597326
-15.9607327933699,-42.26459378294061,41.82685773512243,2.171477904902134
38.61618652648232,37.78773368227132,9.601869322881285,14.853705214092457
-7.589041821399547,10.391011432902516,-2.094543191554024,4.041854225987897
-12.387988335165254,25.917862532279614,11.424502984504038,19.492486416764677
-28.160944902957574,37.497773129209506,-38.451709466456286,-1.8508931619523188
-22.34356490245426,13.314454964450547,16.71904133856424,20.740853785382654
45.50550541834765,-26.30896940416474,-15.814736763531542,-32.938707411620385
22.321372212194888,37.763613358375125,2.04503281984568,12.381270493360887
-12.675115846623065,-0.07803144970755227,31.085846403387876,14.930349491675086
-15.401855458212168,15.92883346362754,-47.04359451896127,-11.198839632555078
15.165541911590836,-27.9303300196553,-47.33896761762102,-38.381863378204166
19.0031070299315,-49.28020685936053,47.40706565747507,-0.10901115755429913
-7.6149704781884395,10.050691675775212,7.654252909818403,10.659585971581356
-24.35945258829123,5.829510812970682,16.082115437248945,16.35685356167552
-12.149382497952551,-22.519343010963176,-48.4807808882569,-26.923539318694143
-49.74486810324422,-18.11323798479029,25.10049039145305,12.349483418399755
-34.36504808370561,-10.896022705328065,-49.36772777298234,-20.54493506915424
13.385879253842717,18.998210550466382,44.205454873619544,23.10009838334896
4.459738166003291,-18.606643339727256,-17.985063383743984,-19.241108565919394
2.0877958299169066,-14.879546267591515,-47.24793432239293,-25.993398105589776
-48.57654230876688,30.011340623726,-11.317550810472156,16.6467624840018
4.951263278213517,-29.267308969998894,16.424846849204982,-3.2340485552154785
34.08942878587,12.364474430322062,11.487134100224509,1.284454378971656
47.17791330341761,42.32421998920995,-9.864306548500998,8.801406028289998
-31.699360441365553,-19.70649127384938,22.784907641238846,5.166987913804504
-29.07231069178915,-20.83764049955216,49.01054412800501,12.675131837356997
49.68375569210539,35.71592024609046,-5.195125682552018,5.301483454584815
-43.80288318666183,27.04984700612019,38.139327386418614,44.60786296769204
26.72747193903149,16.02947577309355,-14.196119486488293,-3.4983068701562567
28.08000363159246,32.19914072969058,31.408602184421227,22.09520212970641
-2.0028931606659555,-36.1644040057942,13.92851336088573,-6.754824027106067
-34.18814249802501,45.72135800146248,-48.17852148460875,-2.956804291025434
-27.210065848597477,29.718049660758112,11.572453143482761,24.98948829624717
17.494441633402943,-31.605009770630975,19.622890153734957,-3.0432927925287716
45.02758480684915,48.76074258135313,31.0138198946958,26.1104603955389
17.959617842110234,13.773693168833375,-30.68319784853507,-7.635751269388655
-24.47218510617082,-30.682024562117615,-1.9508614905809551,-10.105097869426398
-11.875451412533735,29.45568273145996,29.468490207488514,32.48571940106041
31.705236204195074,49.83115969808519,-20.165210414843983,8.777215785582175
32.73489970386184,27.49533935644574,-26.303573098208766,-1.9409747576483092
28.142341962411066,46.76967037254998,2.979730653715606,15.819953906240324
37.56197121997262,45.76777488554022,-5.124324633863019,12.352366721239845
11.185747501522691,-3.2606278549776704,39.84145479910126,12.232129534060467
-15.897816594316225,14.711970803107988,-34.60483585010788,-7.565183082932231
15.63856978102632,9.12165283860974,-48.807988926152866,-15.26425164086751
-47.78359738284398,6.107863566678752,-26.493216237028793,-0.6459360763143381
-19.221385181999274,36.93917048620298,47.571822798222456,45.698622280127424
-0.47616251392062026,43.90484985380817,-45.90559804582145,-1.9484306181720705
36.68791659697726,48.87392117825334,-41.48493832920883,0.26387145106898546
0.8463692598064654,-10.947536852771599,32.685904249498435,7.248451206726529
24.700277408820668,-12.906273224723229,27.84138622806806,5.4610162953310315
18.685453409647096,33.18821647705718,-34.2764974951638,-1.957913980733701
-6.475423333731243,33.133463796088364,13.111755534169056,20.912431829650465
-31.615193223517235,2.263714538659592,-11.246545380129504,3.2347841556183172
-43.072031286732404,-1.2994930565781075,5.229242020530876,14.757211903253797
7.693233448883163,17.14462657234263,-27.049986113420175,-4.067150396619549
-29.608259589995466,38.12062134772731,20.81453903018368,34.723377479120074
41.5780894723694,-44.82382553938814,22.94245275828723,-12.080077009045374
-34.10100425478437,39.54974592517833,-29.38960392485228,3.6133236321234095
39.889161248545165,-36.66983141651875,41.402247305482646,2.4395663303623545
13.716742347632113,-47.725282160145575,-24.831104986765094,-35.08665029292648
-38.683142311210496,41.45144033281393,-0.4996951565598877,25.0057986163346
40.84754713305348,34.050687721350755,-3.6630266096925084,7.463528628377065
32.763245431289505,20.363305423838185,0.8215526252213436,3.0505828053740736
-7.014545650637025,8.19009400412427,1.3686698412203384,5.452172965963799
-47.55893521731074,18.284502133892758,13.192961319657527,29.006618196585823
-14.36220329142369,35.252957986762596,-21.77001127848698,3.91952072407203
-30.9188633919663,16.076160332493245,32.09134828088206,31.348182301633326
-45.57957337221256,-25.767104353181114,8.392485905721301,0.9174874555124596
46.68417389290647,31.11071243315635,-19.01446720987482,-2.053540536262852
41.08555236140431,39.53923658977078,47.22585272085517,28.8937055848191
1.7492940124061462,-41.66187241762124,-18.229649080741627,-26.351873537190546
-5.737372626130131,38.81974750840928,14.727009353040813,23.877308610567248
26.24637837123707,33.35361782831305,-45.67967934506987,-6.021970795230794
-19.451370094520716,-13.735283514542317,-7.745238628807627,-5.306620515429095
35.91081385061325,20.18970857568013,-41.552234649819454,-11.831780156437961
-44.20290859018328,27.609924588059243,47.780644255949355,46.51564855786188
25.29448286152575,-15.883115516177249,-30.68232177458654,-28.269845092241248
-7.526504905348553,-46.22865595548854,12.828434279495738,-9.640885384404188
-24.07127784770361,17.714017750892708,-40.806994596398496,-8.666605524039316
35.87409811419606,3.304170434445197,-46.31821379167502,-25.66896181231418
12.503052172937942,-30.272599402344134,-20.956852778381098,-27.04119444850991
-30.41761352301503,-15.82443355218713,-47.026529568491405,-21.613566487765357
-33.01251633112044,11.465525427781984,-43.29341736029234,-11.137130684156109
-33.33668224138971,-0.8551860985811857,48.47123159376268,26.901378793355818
-36.34014605465964,-43.50960361106855,-37.41438939874837,-27.142363382926124
-11.921619225959837,-0.734269964566856,7.150222807164589,5.733391501570974
-36.34780552513636,4.2634947264242555,-43.364865862791376,-13.849949305726582
3.6093284282905174,49.7351094105087,13.41495713949817,23.3716895135738
-15.514321117694763,-13.399341339723449,39.67286844282029,10.517203944902443
-44.646363128134446,-44.88687602240083,17.526507016783242,-8.056607584902128
21.58621993946383,-16.647035212479402,35.32516871207122,7.288032607606101
-41.85084061034611,6.606753175402936,-3.083975683179588,13.315175581640585
-45.62404404105088,44.633639602293684,-13.803110146486205,18.899355811106492
14.41747017406432,31.62385105275328,6.772596134284015,12.12684262386026
-0.4814110506144189,45.98952728387833,16.07693857967986,24.61542650481759
-17.684143533137274,-42.96805516605971,-14.215159003370061,-18.52217724078502
13.311337611641186,-9.142919228963478,-7.843703912907095,-12.035175561934848
37.42436830554375,-5.736110948981121,45.831129736329856,14.143881126456195
46.310987920716684,-37.296704396182236,-18.790289513495463,-38.51392359565609
-23.532574592190226,15.229221972320417,-41.99391669064314,-9.724757330359424
48.50228714981503,-4.839653501257288,1.7823645198490325,-15.499203054828097
43.76419180591084,32.166005496718455,0.19711581624860486,6.642958978475911
46.49735577603977,23.907365329328115,22.89346864610313,8.682333152977519
-32.599316730152616,1.4195407299760632,39.31011886000444,24.066716573335366
-33.07717582094087,-30.863822937428953,17.793572872555615,-3.161537099029394
-46.014327717418126,32.02207373663957,42.31828993041934,49.71953894312091
41.24140191560113,-32.53076662674679,45.73798044196866,5.71522234802811
29.134206559817017,1.028843955361637,-13.695869672857405,-12.613653925398623
32.8612792625715,8.585037744578393,35.35957277515219,14.941836780183268
-16.59167054992613,17.778313279921562,26.87936593036558,25.299447604715528
13.074197890696752,-33.376577066812104,34.85981924388466,1.139780190504335
45.1374419541183,-29.653380309414747,-44.92210553661443,-47.1488734157625
12.626204359445069,-4.94624173724241,33.480564616942374,9.740769190476703
-45.99870216553074,-8.681346001897104,-26.143296429686313,-5.575809904467104
35.43134267772842,-20.556834593797056,-12.602958744924443,-25.802612731114955
-17.110850954443826,39.164171363030775,8.035193008464539,22.64679582310272
-27.327346864453915,39.775731529904206,-39.07862461290691,-1.061715919076482
-15.391904580252024,4.218208490466736,-0.0920234783655971,5.950344665641862
-37.45805334707223,-32.16759415940086,-47.13386749659302,-26.525986663960218
28.116250696840126,36.576762364642875,7.411026919614386,13.861193276926693
3.990257810853606,-23.624126892466645,18.183766398436305,-1.0071634125136255
-3.934495679880513,-48.42297361761987,9.265780430219081,-12.43232395798043
-35.77387625250379,-15.872975358983446,32.11625034845913,12.670510539365244
-26.96503996714047,35.570990769560936,-16.627899830088865,8.502629313704771
-26.389837575934028,-47.90408170007916,-49.25781148767786,-38.9322946894175
16.65334505113057,-4.970194606044508,-24.244913861857697,-16.604259346683172
46.26991314742554,-37.41151034976592,12.253184639795542,-18.56310410116622
18.363845641095097,-17.911174474894388,36.25871910593544,6.999605734718765
37.731857072333625,22.290880567195615,-18.514163021484364,-4.317011295945761
-33.28312556695031,-31.81752475717835,40.270815431317914,4.93779570858988
-32.49218650223166,35.63008280109324,-17.2492968254653,8.992534012413667
-23.39123898629142,28.894826997323904,41.99616788984821,39.90206282067326
1.7695050547211082,-48.89228429177287,-46.467902332662725,-46.01304273541752
32.28852422819712,25.867006395365394,31.56423184474062,18.90640025366251
31.854679775592345,-40.481672188529714,-39.70863879382802,-48.46040134311301
33.112639883803595,-30.094809792057443,-4.124967852900717,-22.04062985059071
28.627771529664358,8.585884698487902,47.23222214627938,18.84934204514934
5.865816145270699,48.21942267321596,44.821706511690266,42.53426044377406
43.36680185407647,-15.708519825874909,-9.246980754009073,-23.065439606968642
-48.01542466387221,27.406105768273918,7.464744792282495,28.154682038641592
-17.71772721447958,33.083656018647716,4.356129331927164,18.609430704168204
-16.857045845777648,-10.17818979114653,-9.015306136519321,-4.305431513013198
-28.714606440918722,5.996849048853193,-36.52567797848806,-10.89283702481724
-28.543731329808697,48.20111502963056,-35.27330175229394,2.2601782190290076
-21.541320097605865,-0.15764842071084217,-43.55408830183555,-15.01592527753434
4.0055593980827595,-23.077432702417365,2.202275784431073,-7.037920968294719
29.2947331882431,34.14420648685392,4.00910173058481,12.1998601281631
7.604095498070549,6.920540795955922,-35.6197384062428,-10.415193190369926
20.369809939665643,-16.14528393311209,-34.84882926873725,-28.565894190399614
-35.16670134800707,10.681691939362778,-5.497050836453624,10.216992583611395
30.22284724102724,16.884556179384063,-46.77905897849075,-15.399898483087362
-32.04193607274,-4.071545523233844,-4.959788107298159,4.983693594399378
26.558352755846386,-26.14815513094554,-3.5209811252961103,-19.099241579544323
4.951909596523507,31.395900855206477,-1.0887239972154248,9.426865364805046
28.5869120409279,-13.41319057670841,-41.43940234244525,-31.603618186342533
-25.866047601094866,-15.684985164722221,-28.644867674432017,-14.764766579262574
-11.25513675465536,10.319279928810907,14.390426989696877,15.127336190198205
-23.416019813408585,46.779752313302296,42.13245432902238,49.725916878950834
-3.7037139085214648,-2.6904216999490274,46.17792954173822,15.222601775466403
-26.99657034751315,-16.8539024871569,34.03671877502127,9.991483572185174
48.390715007822365,-1.5310742278908265,-19.985385952984146,-22.81112237452833
8.977124517321734,-20.088979903942818,-3.4517852215870874,-11.385155891867575
2.994774737931607,47.75124132068842,12.02327096043554,21.58174666693938
-16.53534887941224,-21.684592754674437,0.23056492362852765,-6.541261286762616
-1.0032683411555396,40.412286814812916,40.503379775299535,39.68602259913154
-33.02425628480903,-31.93781298411521,18.650614992495946,-3.5162195709643758
-1.9194805507610866,-35.49112294829394,-4.972996830092278,-13.780367305219038
42.75709504601505,-6.303330344990869,-21.045392665981964,-24.793514941141474
0.7476010930268515,-9.146094937480456,-41.536611178758235,-20.74507549592229
-36.11053918655037,41.02231864124805,9.001345574626981,30.48156779382605
34.693313679335546,-24.828554677349935,17.348058277242615,-6.573757770243214
-6.279362278068277,-39.99793623809083,-48.43373080024518,-39.96442890500535
34.352799812810474,17.962814228290753,-5.252279119065193,-1.499920526123282
23.38245629858936,46.21810476567336,-36.73031146306435,1.8745722058091567
-29.535354141500946,33.98510849755702,18.40275646816481,31.51780050543197
-42.68596454876868,25.11133636999581,-14.755010600831731,11.922738349975495
44.230642974939954,-20.846531853498774,27.020611961114753,-3.149124609495154
47.71718213928335,-26.39647604017342,-48.22224072590766,-47.810096466083216
-21.781501722719142,17.1338641820076,21.127327022199395,24.783189222570726
40.714755124509054,19.928951265773847,8.52264488179253,2.827715562916582
36.135309407775,-41.56790919086451,48.7211566525244,3.7104275997858394
42.872058702686644,18.562928684024243,-40.761458070863284,-16.357958741341324
-47.178411854443105,11.529161144771564,-16.016648258916064,7.60720686819167
44.436281748140345,23.696205689979806,-25.383737561294595,-7.690972571780454
34.404613609684745,49.49141754359559,6.567953747413732,17.83641821506699
15.946297855685302,34.899767590689876,-24.178050153660447,2.570760149664183
20.022765312430963,-25.816298783563283,26.53120485041339,0.9184240023212724
-16.09047327751322,41.53493606185424,-41.54509418781779,-1.2938855305908323
24.550496309915843,-37.13269736855834,-18.77962851543383,-30.860149057620795
-13.407103956272984,33.53810469699742,34.03020525726981,36.70564494532668
8.903973911074061,-1.703152563634923,16.4960931538875,4.973573760595796
-5.548018589897893,-6.850346474398059,41.50417118370386,12.08337301503853
8.578014056970332,44.41652622290505,-39.40737511314809,-0.06854119076101473
20.763342174426953,32.56197975267034,35.054586827586846,26.07295070741612
-43.4012859044691,31.609186002913972,-26.48902594208713,6.7822155522475125
-13.08980966415222,1.043589324652693,-8.164380533266645,-1.1425436905621804
1.737794499791292,36.52931891935711,-12.63529275761961,6.715777888385893
37.10889229429691,0.36769879259549754,-8.116599775753095,-13.56521158339526
-9.067915663115464,-2.6924317602665084,-9.193285586970433,-4.018480889807306
-25.420923981372056,-4.974178484644909,22.570680810486138,12.344304791319654
-44.49041549567564,3.305354527486614,-24.550703279993392,-1.3147995113544366
-7.2470533139412225,15.338133925684346,-25.194332272483578,-3.6210632944768637
17.57649549604895,-1.5561172793041251,-44.47065529512499,-21.518155426665334
28.664893096349033,-24.08504932939808,-13.966332284189164,-25.500276479700865
-13.966985464591332,43.051328318106286,33.247668804813685,39.683036506488456
28.393657785908076,3.393418244118571,27.60235093756239,10.20088447731824
43.834291605147214,9.381841408139039,-42.200208918214045,-22.943645877787503
14.457368835255366,5.809017338377387,32.021367456195264,13.132368432196095
12.897028562084657,-19.75674269285862,-17.159377526217447,-21.18232812530919
-45.58274601202857,-42.99109157104536,35.713217513161084,-0.22628682417156937
-23.4808996768328,15.757247057744891,-4.889573324075457,9.113714805593588
40.91801407835311,42.299060783430335,5.517608245914275,15.053249878226428
-18.691085616843516,-30.848574776570793,49.69731939960853,8.310191381766995
25.190791676389395,41.90736848460297,-13.916627755602754,8.303513346122877
1.3939965033762718,9.69626789813396,10.422429049568983,9.253210610190685
-15.726295944643233,20.255074236081853,-34.49769596026331,-5.066330285114962
18.87195664480747,22.17555697954647,-5.270094699427993,4.941328875480066
18.76840563385622,-19.560567485809578,-24.54242211354409,-26.521438680365875
-43.101401977224896,-35.54651577969875,-17.004650733311877,-14.871417826696693
-14.435957823560273,28.42406193810251,38.293692276295516,35.82170757530906
37.01019532644783,2.2822973183765924,-2.7079475407212215,-11.126592161321518
-38.72173955591942,20.071374609478326,-26.953639111041817,0.3973531850533494
-22.89184809968392,34.26485511522837,19.28878538169431,30.891412763999128
32.24710708879084,-4.541912388928026,-16.89796068488375,-18.70503371633755
-44.865803855843865,-21.558908026465073,-33.286285342335596,-14.770451445488009
-24.348753440536974,4.149401032079872,-19.583236701534624,-3.658642399212809
-16.937325639995407,24.893187808922193,3.39463134365824,15.383734741963796
13.35496102618918,-46.65760630147909,4.598488240640741,-16.468090440620514
36.01210812731132,45.42276074690645,-28.18783647120824,5.225940247567874
-20.047872621540986,-8.999759679802054,-38.055899595358255,-16.011928207723876
31.2721421850395,-49.726824331878085,21.901980828970594,-11.419328534087382
43.47651185731519,-29.07292264122967,-30.95964740050676,-42.1302871812351
37.72603391423144,13.834813652413814,-39.777500340646796,-17.718832220164973
-2.1581713252880803,-0.222636182415755,29.528812274257305,10.658229121215111
31.094633515637383,26.908125727192242,30.481219219309025,18.896807463097876
-36.02112625428464,-27.366342607676653,-17.401778504206803,-11.845692600746323
0.8430388868788228,45.95015254217432,-12.13564659949715,10.067670197873532
-39.88740980391291,6.058016795823775,17.292247696956096,22.11695298800441
-6.153823063811089,39.6445177754067,-41.11386413667083,-1.3742924844713564
-48.70741488268362,-8.973105500466652,39.16710287671654,23.559993398647286
-38.873303939080415,-40.85820088022456,-34.62412274248658,-24.89823457636539
0.3408615169046456,33.25363192035573,23.685277473541063,25.975181681856807
1.0598346163584225,5.132469842782214,20.51995421864919,9.99744392833031
-9.204326969887433,23.099676285615715,28.669699196501696,27.160004723429196
36.45730848869782,-25.254412710006633,-31.405479539975158,-37.73512097744614
7.293950863301788,48.61713114609685,-45.42482872815975,-0.7353159686050276
39.64601634487978,49.83789472170007,28.239303924322428,25.343919167378157
-34.17723418263403,-37.135256611503394,-33.303840661597675,-23.283705416385345
-49.22072774951079,38.89553382987819,11.451124359451825,34.828637104139034
7.783508265868186,-2.2171761182989584,22.065912131698568,7.086509888243813
24.427049334912283,-4.2495512561187,-1.9681067333857314,-10.094000961131496
-20.234347490472725,-28.495807774694892,19.775009656333737,-2.0871254848086775
35.41307719649062,9.822039400779992,35.81454297142858,15.477044424559375
24.482203083385215,-34.49150928887185,-7.063097901630968,-23.5500203562032
-44.432240974191686,25.63400374538439,-4.778174408924272,18.857549825025178
-7.954019360300137,-26.56236142439,29.026088969529724,1.8324661843200862
-37.66240636827966,-1.2408122343207424,-10.725892847569583,4.3755742771651045
9.87748412814937,-6.804939826434953,42.457907616050704,12.404828374587018
7.999500458210171,-26.076188419987435,-10.80018378274211,-17.700835674340652
7.020281444716517,-44.992084863207005,18.184007565107493,-7.613239179650705
-39.9506745883635,-8.175460884621607,35.77234069638746,20.14342254549052
-21.416403778165595,19.849135803677655,-11.376417090526715,5.566549553410125
23.52692740452504,48.99607247168366,2.96732337919412,16.39587661603487
-36.524467859097584,36.935739762836775,-18.26297315271027,11.337005726664396
-13.469760063558148,-0.8354512494877753,-13.451037760344363,-4.9139521125292065
25.408940677322747,49.255510579517676,-32.36423034025437,4.144641366823151
-6.655811421347636,19.136264056275238,-13.755779738786735,1.474671905685672
31.09604431658495,-12.211297159115851,28.960526162310742,5.58632743520166
29.9113083840557,-41.90019062996665,-23.83081086006642,-38.6508727357943
-45.49305281861854,18.554876759558198,2.5510239090417173,21.47662150072476
19.41221585215432,4.441227027453721,-35.62001840827429,-16.019440019670114
43.30852958538499,-20.508795465667795,-24.040777549329285,-34.54966900441789
34.69810353082265,-19.531967464077947,3.2677584966047135,-15.212089577853382
5.962334542577494,25.065108057026535,-15.38389645158832,2.7586632047658806
40.0812170726975,27.883757931822544,-2.4383217578901366,4.282905915455039
-31.579507945991693,5.243918187704352,-9.590225824255342,4.866346529993174
-30.456167470800168,46.64405700910963,12.875058968116257,32.84413932493824
-11.095737642484302,36.60569490810255,-13.24765720624049,7.095943019327106
-12.415353806759477,29.36180185255182,37.551454256340065,35.320347017676035
-34.512461210727274,-30.280948948241104,20.854691455237912,-1.05941528223203
12.500756756702657,2.7781687306234844,27.90272386269099,10.898584302262257
21.624624750912986,-25.077700628592194,18.704395446843392,-2.453309323153122
30.2053372141731,-8.540767884071713,19.548451857172836,0.8645506675700388
37.384245639012406,-48.13878108912403,15.195223093118798,-15.523523534572867
41.619062703858006,-37.572485617817584,5.028272307878531,-21.244670278486787
39.737843866637206,-7.535308708078794,0.30863494443013906,-14.793665184109429
-28.666238432446278,5.520249002612886,-27.337744602655654,-7.216593587825532
15.12766258021837,-12.067382176479413,-23.70053935065831,-20.355874533199128
-28.01106292150788,48.57562557931867,35.38571177002096,47.37336472457662
24.57641977259013,0.3487834744713183,44.63000061174965,15.515670349080334
-9.900755830338738,-15.169753762730053,7.201762120343233,-2.5412289040147
-32.5240693694786,48.29546880889136,24.43148296770697,40.40016001097735
15.417278054602491,28.57872202184896,47.139058421038,29.49174734532083
-49.78871731568354,4.537112409111607,-4.021308909686574,14.805120108513272
6.693759949225353,36.08418846218299,-46.855105017066435,-5.151158030607488
-7.393117741270061,-47.032620993014916,-27.597398400341365,-30.999566608056377
36.533493360686506,-43.426799701439656,-40.23789024345095,-50.54233612085523
-30.516499278502874,36.6424801853654,-1.8917273074123244,20.214072055802642
42.53441330696347,-19.043164915664292,-33.84112852002487,-37.681914511912446
7.406611249597681,8.126963993756576,-8.874829244448456,-0.3168385316213885
31.995079250562952,15.780412066191303,-44.1372694875409,-15.696071672511135
-38.285903321534136,-28.659602917199713,-46.52011511281202,-25.325956522787823
16.575753176366433,8.490972094420314,-46.5780640945775,-16.438028812012504
9.167557305116489,-29.80248892926427,-19.654173161606547,-24.803843386560672
31.475185279463474,14.078632016155865,41.96059217796183,19.090020058466052
19.420240855095955,-18.32378407853572,-12.256311186055747,-19.83125624837526
8.85107230297966,-40.760186298095235,20.944541911299396,-5.792618792786152
10.828410550703403,-40.51897711436777,-10.739470883823351,-22.894433867252573
45.007735897171,28.717152225358078,-5.877227389841053,2.036360850086193
15.730869562127396,21.100040503377997,-2.668184884834993,5.774739072219369
-8.717958315914785,3.5024762008680312,-40.61655649985762,-13.046156222437888
-29.6715567759266,-33.59509939773923,32.71298552940074,1.4310639274992991
-0.2895254505151925,43.7858423728307,27.48961895923368,31.87362917049496
-31.82161712927177,-20.913023130287055,2.5123874171979708,-2.5537746555935024
-21.352498143873255,30.49752853893638,22.590569416501594,31.207613491089216
24.519883434320676,34.75921676770241,3.6959029424084378,12.5456479903483
36.46942367724499,-6.208126214041833,-16.116932095701152,-20.570609026388013
-14.388039282293704,-12.975768761311976,-38.10848330129038,-17.420263953628943
